{"cameraMode":{"drawMode":0,"name":"Shaded","section":"Shading Mode"},"sceneLighting":true,"audioPlay":false,"sceneViewState":{"m_AlwaysRefresh":false,"showFog":true,"showSkybox":true,"showFlares":true,"showImageEffects":true,"showParticleSystems":true,"showVisualEffectGraphs":true,"m_FxEnabled":true},"in2DMode":false,"pivot":{"x":0.47576212882995608,"y":2.715618133544922,"z":11.739143371582032},"rotation":{"x":0.23327791690826417,"y":0.02041885443031788,"z":-0.004899558611214161,"w":0.9721835851669312},"size":17.857891082763673,"orthographic":false}