{"cameraMode":{"drawMode":0,"name":"Shaded","section":"Shading Mode"},"sceneLighting":true,"audioPlay":false,"sceneViewState":{"m_AlwaysRefresh":false,"showFog":true,"showSkybox":true,"showFlares":true,"showImageEffects":true,"showParticleSystems":true,"showVisualEffectGraphs":true,"m_FxEnabled":true},"in2DMode":false,"pivot":{"x":19.812786102294923,"y":-21.189552307128908,"z":-141.28904724121095},"rotation":{"x":-0.010173452086746693,"y":-0.9792658090591431,"z":0.1958555281162262,"w":-0.0508589930832386},"size":33.75651550292969,"orthographic":false}