{"cameraMode":{"drawMode":0,"name":"Shaded","section":"Shading Mode"},"sceneLighting":true,"audioPlay":false,"sceneViewState":{"m_AlwaysRefresh":false,"showFog":true,"showSkybox":true,"showFlares":true,"showImageEffects":true,"showParticleSystems":true,"showVisualEffectGraphs":true,"m_FxEnabled":true},"in2DMode":false,"pivot":{"x":-1.7750186920166016,"y":1.1278530359268189,"z":18.174198150634767},"rotation":{"x":-0.0024351347237825395,"y":0.584036111831665,"z":-0.0017521368572488428,"w":-0.8117237091064453},"size":10.5289888381958,"orthographic":false}