{"cameraMode":{"drawMode":0,"name":"Shaded","section":"Shading Mode"},"sceneLighting":true,"audioPlay":false,"sceneViewState":{"m_AlwaysRefresh":false,"showFog":true,"showSkybox":true,"showFlares":true,"showImageEffects":true,"showParticleSystems":true,"showVisualEffectGraphs":true,"m_FxEnabled":true},"in2DMode":false,"pivot":{"x":-7.873843669891357,"y":-0.5599870681762695,"z":10.325654029846192},"rotation":{"x":0.11809864640235901,"y":0.04556044936180115,"z":-0.00542434910312295,"w":0.9919449687004089},"size":17.592721939086915,"orthographic":false}